2024-05-28 09:03:46,045,INFO,"Person detected with confidence 0.7601005434989929"
2024-05-28 09:03:46,045,INFO,"Person detected with confidence 0.9709380269050598"
2024-05-28 09:03:46,045,INFO,"Person detected with confidence 0.9999004602432251"
2024-05-28 09:03:46,045,INFO,"Person detected with confidence 0.9991819262504578"
2024-05-28 09:03:46,046,INFO,"Person detected with confidence 0.43705275654792786"
2024-05-28 09:03:46,046,INFO,"Person detected with confidence 0.9809776544570923"
2024-05-28 09:03:46,046,INFO,"Person detected with confidence 0.7551455497741699"
2024-05-28 09:03:47,436,INFO,"Person detected with confidence 0.8259182572364807"
2024-05-28 09:03:47,437,INFO,"Person detected with confidence 0.3252502679824829"
2024-05-28 09:03:47,437,INFO,"Person detected with confidence 0.9748951196670532"
2024-05-28 09:03:47,437,INFO,"Person detected with confidence 0.9999380111694336"
2024-05-28 09:03:47,437,INFO,"Person detected with confidence 0.9992162585258484"
2024-05-28 09:03:47,437,INFO,"Person detected with confidence 0.9715598225593567"
2024-05-28 09:03:47,437,INFO,"Person detected with confidence 0.565597653388977"
2024-05-28 09:03:48,613,INFO,"Person detected with confidence 0.7495287656784058"
2024-05-28 09:03:48,613,INFO,"Person detected with confidence 0.34293752908706665"
2024-05-28 09:03:48,613,INFO,"Person detected with confidence 0.9484070539474487"
2024-05-28 09:03:48,613,INFO,"Person detected with confidence 0.9999330043792725"
2024-05-28 09:03:48,614,INFO,"Person detected with confidence 0.9995730519294739"
2024-05-28 09:03:48,614,INFO,"Person detected with confidence 0.3565748631954193"
2024-05-28 09:03:48,614,INFO,"Person detected with confidence 0.9840242862701416"
2024-05-28 09:03:48,614,INFO,"Person detected with confidence 0.8488500118255615"
2024-05-28 09:03:49,815,INFO,"Person detected with confidence 0.7542551755905151"
2024-05-28 09:03:49,815,INFO,"Person detected with confidence 0.3730374276638031"
2024-05-28 09:03:49,816,INFO,"Person detected with confidence 0.9505171179771423"
2024-05-28 09:03:49,816,INFO,"Person detected with confidence 0.9999351501464844"
2024-05-28 09:03:49,816,INFO,"Person detected with confidence 0.9995607733726501"
2024-05-28 09:03:49,817,INFO,"Person detected with confidence 0.9862214922904968"
2024-05-28 09:03:49,817,INFO,"Person detected with confidence 0.8712025284767151"
2024-05-28 09:03:51,033,INFO,"Person detected with confidence 0.6381931304931641"
2024-05-28 09:03:51,033,INFO,"Person detected with confidence 0.3454868197441101"
2024-05-28 09:03:51,034,INFO,"Person detected with confidence 0.9145694971084595"
2024-05-28 09:03:51,034,INFO,"Person detected with confidence 0.9998689889907837"
2024-05-28 09:03:51,034,INFO,"Person detected with confidence 0.9994699954986572"
2024-05-28 09:03:51,035,INFO,"Person detected with confidence 0.979697585105896"
2024-05-28 09:03:51,035,INFO,"Person detected with confidence 0.8546086549758911"
2024-05-28 09:03:52,203,INFO,"Person detected with confidence 0.9975521564483643"
2024-05-28 09:03:52,204,INFO,"Person detected with confidence 0.9996275901794434"
2024-05-28 09:03:52,204,INFO,"Person detected with confidence 0.9052165150642395"
2024-05-28 09:03:52,204,INFO,"Person detected with confidence 0.9883224368095398"
2024-05-28 09:03:52,204,INFO,"Person detected with confidence 0.997368574142456"
2024-05-28 09:03:52,204,INFO,"Person detected with confidence 0.588654100894928"
2024-05-28 09:03:53,289,INFO,"Person detected with confidence 0.40230947732925415"
2024-05-28 09:03:53,289,INFO,"Person detected with confidence 0.43849486112594604"
2024-05-28 09:03:53,290,INFO,"Person detected with confidence 0.7508193850517273"
2024-05-28 09:03:53,290,INFO,"Person detected with confidence 0.999808669090271"
2024-05-28 09:03:53,290,INFO,"Person detected with confidence 0.9998716115951538"
2024-05-28 09:03:53,290,INFO,"Person detected with confidence 0.8096662163734436"
2024-05-28 09:03:53,290,INFO,"Person detected with confidence 0.9651919603347778"
2024-05-28 09:03:53,290,INFO,"Person detected with confidence 0.9402638673782349"
2024-05-28 09:03:54,385,INFO,"Person detected with confidence 0.7814376354217529"
2024-05-28 09:03:54,385,INFO,"Person detected with confidence 0.725497841835022"
2024-05-28 09:03:54,386,INFO,"Person detected with confidence 0.8035494089126587"
2024-05-28 09:03:54,386,INFO,"Person detected with confidence 0.9998124837875366"
2024-05-28 09:03:54,386,INFO,"Person detected with confidence 0.9999128580093384"
2024-05-28 09:03:54,386,INFO,"Person detected with confidence 0.8204222917556763"
2024-05-28 09:03:54,386,INFO,"Person detected with confidence 0.8961047530174255"
2024-05-28 09:03:54,386,INFO,"Person detected with confidence 0.892463207244873"
2024-05-28 09:03:55,495,INFO,"Person detected with confidence 0.6800912618637085"
2024-05-28 09:03:55,495,INFO,"Person detected with confidence 0.6618428230285645"
2024-05-28 09:03:55,495,INFO,"Person detected with confidence 0.843855619430542"
2024-05-28 09:03:55,495,INFO,"Person detected with confidence 0.9998784065246582"
2024-05-28 09:03:55,495,INFO,"Person detected with confidence 0.9999343156814575"
2024-05-28 09:03:55,495,INFO,"Person detected with confidence 0.8696345686912537"
2024-05-28 09:03:55,496,INFO,"Person detected with confidence 0.9707359075546265"
2024-05-28 09:03:55,496,INFO,"Person detected with confidence 0.9728677272796631"
2024-05-28 09:03:56,616,INFO,"Person detected with confidence 0.8986653089523315"
2024-05-28 09:03:56,616,INFO,"Person detected with confidence 0.9997619986534119"
2024-05-28 09:03:56,616,INFO,"Person detected with confidence 0.9998948574066162"
2024-05-28 09:03:56,616,INFO,"Person detected with confidence 0.7733270525932312"
2024-05-28 09:03:56,616,INFO,"Person detected with confidence 0.9965240359306335"
2024-05-28 09:03:56,617,INFO,"Person detected with confidence 0.997305691242218"
2024-05-28 09:03:57,746,INFO,"Person detected with confidence 0.9411344528198242"
2024-05-28 09:03:57,746,INFO,"Person detected with confidence 0.7203394770622253"
2024-05-28 09:03:57,747,INFO,"Person detected with confidence 0.9682966470718384"
2024-05-28 09:03:57,747,INFO,"Person detected with confidence 0.9994693994522095"
2024-05-28 09:03:57,747,INFO,"Person detected with confidence 0.9995753169059753"
2024-05-28 09:03:57,747,INFO,"Person detected with confidence 0.4204484224319458"
2024-05-28 09:03:57,747,INFO,"Person detected with confidence 0.6034873127937317"
2024-05-28 09:03:57,747,INFO,"Person detected with confidence 0.9740104675292969"
2024-05-28 09:03:57,747,INFO,"Person detected with confidence 0.6991819143295288"
2024-05-28 09:03:58,919,INFO,"Person detected with confidence 0.8785281181335449"
2024-05-28 09:03:58,920,INFO,"Person detected with confidence 0.9996203184127808"
2024-05-28 09:03:58,920,INFO,"Person detected with confidence 0.9996556043624878"
2024-05-28 09:03:58,920,INFO,"Person detected with confidence 0.8967031240463257"
2024-05-28 09:03:58,920,INFO,"Person detected with confidence 0.9824286103248596"
2024-05-28 09:03:58,920,INFO,"Person detected with confidence 0.987173318862915"
2024-05-28 09:04:00,098,INFO,"Person detected with confidence 0.3459612727165222"
2024-05-28 09:04:00,098,INFO,"Person detected with confidence 0.9970537424087524"
2024-05-28 09:04:00,098,INFO,"Person detected with confidence 0.9997376799583435"
2024-05-28 09:04:00,098,INFO,"Person detected with confidence 0.9861471652984619"
2024-05-28 09:04:00,098,INFO,"Person detected with confidence 0.989635705947876"
2024-05-28 09:04:00,098,INFO,"Person detected with confidence 0.9980440139770508"
2024-05-28 09:04:00,099,INFO,"Person detected with confidence 0.8676520586013794"
2024-05-28 09:04:01,260,INFO,"Person detected with confidence 0.5052012801170349"
2024-05-28 09:04:01,260,INFO,"Person detected with confidence 0.9850714802742004"
2024-05-28 09:04:01,260,INFO,"Person detected with confidence 0.778366208076477"
2024-05-28 09:04:01,260,INFO,"Person detected with confidence 0.9943214058876038"
2024-05-28 09:04:01,260,INFO,"Person detected with confidence 0.9998942613601685"
2024-05-28 09:04:01,260,INFO,"Person detected with confidence 0.9962940216064453"
2024-05-28 09:04:01,261,INFO,"Person detected with confidence 0.7611902952194214"
2024-05-28 09:04:02,438,INFO,"Person detected with confidence 0.9233995676040649"
2024-05-28 09:04:02,438,INFO,"Person detected with confidence 0.6188706755638123"
2024-05-28 09:04:02,438,INFO,"Person detected with confidence 0.9953756332397461"
2024-05-28 09:04:02,438,INFO,"Person detected with confidence 0.9998331069946289"
2024-05-28 09:04:02,438,INFO,"Person detected with confidence 0.9986956715583801"
2024-05-28 09:04:02,438,INFO,"Person detected with confidence 0.48333150148391724"
2024-05-28 09:04:02,439,INFO,"Person detected with confidence 0.8009212017059326"
2024-05-28 09:04:03,554,INFO,"Person detected with confidence 0.9679937362670898"
2024-05-28 09:04:03,555,INFO,"Person detected with confidence 0.5639820098876953"
2024-05-28 09:04:03,555,INFO,"Person detected with confidence 0.9902194142341614"
2024-05-28 09:04:03,555,INFO,"Person detected with confidence 0.9998489618301392"
2024-05-28 09:04:03,555,INFO,"Person detected with confidence 0.9988600015640259"
2024-05-28 09:04:03,555,INFO,"Person detected with confidence 0.7184410691261292"
2024-05-28 09:04:03,555,INFO,"Person detected with confidence 0.9839991331100464"
2024-05-28 09:04:03,555,INFO,"Person detected with confidence 0.6451238393783569"
2024-05-28 09:04:04,686,INFO,"Person detected with confidence 0.8449645042419434"
2024-05-28 09:04:04,686,INFO,"Person detected with confidence 0.8489103317260742"
2024-05-28 09:04:04,686,INFO,"Person detected with confidence 0.44961830973625183"
2024-05-28 09:04:04,687,INFO,"Person detected with confidence 0.9473990797996521"
2024-05-28 09:04:04,687,INFO,"Person detected with confidence 0.6864428520202637"
2024-05-28 09:04:04,687,INFO,"Person detected with confidence 0.9556375741958618"
2024-05-28 09:04:04,687,INFO,"Person detected with confidence 0.9996554255485535"
2024-05-28 09:04:04,687,INFO,"Person detected with confidence 0.9992942214012146"
2024-05-28 09:04:04,687,INFO,"Person detected with confidence 0.6155473589897156"
2024-05-28 09:04:04,688,INFO,"Person detected with confidence 0.4826529920101166"
2024-05-28 09:04:04,688,INFO,"Person detected with confidence 0.9693314433097839"
2024-05-28 09:04:04,688,INFO,"Person detected with confidence 0.851651668548584"
2024-05-28 09:04:05,870,INFO,"Person detected with confidence 0.9494007229804993"
2024-05-28 09:04:05,870,INFO,"Person detected with confidence 0.7003178596496582"
2024-05-28 09:04:05,870,INFO,"Person detected with confidence 0.9743152856826782"
2024-05-28 09:04:05,871,INFO,"Person detected with confidence 0.9996828436851501"
2024-05-28 09:04:05,871,INFO,"Person detected with confidence 0.9990774989128113"
2024-05-28 09:04:05,871,INFO,"Person detected with confidence 0.4506361186504364"
2024-05-28 09:04:05,871,INFO,"Person detected with confidence 0.47744280099868774"
2024-05-28 09:04:05,871,INFO,"Person detected with confidence 0.9515811204910278"
2024-05-28 09:04:05,871,INFO,"Person detected with confidence 0.6038870811462402"
2024-05-28 09:04:07,003,INFO,"Person detected with confidence 0.4638691544532776"
2024-05-28 09:04:07,004,INFO,"Person detected with confidence 0.9062582850456238"
2024-05-28 09:04:07,004,INFO,"Person detected with confidence 0.543379545211792"
2024-05-28 09:04:07,004,INFO,"Person detected with confidence 0.9988880753517151"
2024-05-28 09:04:07,004,INFO,"Person detected with confidence 0.9997580647468567"
2024-05-28 09:04:07,004,INFO,"Person detected with confidence 0.9951063990592957"
2024-05-28 09:04:07,004,INFO,"Person detected with confidence 0.8486199975013733"
2024-05-28 09:04:07,005,INFO,"Person detected with confidence 0.9467105865478516"
2024-05-28 09:04:07,005,INFO,"Person detected with confidence 0.9926279783248901"
2024-05-28 09:04:07,005,INFO,"Person detected with confidence 0.46392568945884705"
2024-05-28 09:04:08,636,INFO,"Person detected with confidence 0.5316797494888306"
2024-05-28 09:04:08,636,INFO,"Person detected with confidence 0.38329043984413147"
2024-05-28 09:04:08,637,INFO,"Person detected with confidence 0.6852667927742004"
2024-05-28 09:04:08,637,INFO,"Person detected with confidence 0.516846776008606"
2024-05-28 09:04:08,637,INFO,"Person detected with confidence 0.9727159738540649"
2024-05-28 09:04:08,637,INFO,"Person detected with confidence 0.3764888048171997"
2024-05-28 09:04:08,638,INFO,"Person detected with confidence 0.9823451042175293"
2024-05-28 09:04:08,638,INFO,"Person detected with confidence 0.8524703979492188"
2024-05-28 09:04:08,638,INFO,"Person detected with confidence 0.9949531555175781"
2024-05-28 09:04:08,638,INFO,"Person detected with confidence 0.9954758882522583"
2024-05-28 09:04:08,638,INFO,"Person detected with confidence 0.8999907970428467"
2024-05-28 09:04:08,639,INFO,"Person detected with confidence 0.46047964692115784"
2024-05-28 09:04:09,802,INFO,"Person detected with confidence 0.7901970744132996"
2024-05-28 09:04:09,802,INFO,"Person detected with confidence 0.979442298412323"
2024-05-28 09:04:09,802,INFO,"Person detected with confidence 0.9972994923591614"
2024-05-28 09:04:09,802,INFO,"Person detected with confidence 0.9996958374977112"
2024-05-28 09:04:09,802,INFO,"Person detected with confidence 0.9775359034538269"
2024-05-28 09:04:09,803,INFO,"Person detected with confidence 0.8850570321083069"
2024-05-28 09:04:09,803,INFO,"Person detected with confidence 0.9919594526290894"
2024-05-28 09:04:09,803,INFO,"Person detected with confidence 0.45585301518440247"
2024-05-28 09:04:09,803,INFO,"Person detected with confidence 0.9987289309501648"
2024-05-28 09:04:09,803,INFO,"Person detected with confidence 0.9997186064720154"
2024-05-28 09:04:09,803,INFO,"Person detected with confidence 0.9458630681037903"
2024-05-28 09:04:10,934,INFO,"Person detected with confidence 0.4864075779914856"
2024-05-28 09:04:10,935,INFO,"Person detected with confidence 0.9831934571266174"
2024-05-28 09:04:10,935,INFO,"Person detected with confidence 0.8640754222869873"
2024-05-28 09:04:10,935,INFO,"Person detected with confidence 0.5882189273834229"
2024-05-28 09:04:10,935,INFO,"Person detected with confidence 0.5200128555297852"
2024-05-28 09:04:10,935,INFO,"Person detected with confidence 0.9807893633842468"
2024-05-28 09:04:10,935,INFO,"Person detected with confidence 0.9993797540664673"
2024-05-28 09:04:10,935,INFO,"Person detected with confidence 0.9872990846633911"
2024-05-28 09:04:10,936,INFO,"Person detected with confidence 0.9961320161819458"
2024-05-28 09:04:10,936,INFO,"Person detected with confidence 0.9936783909797668"
2024-05-28 09:04:10,936,INFO,"Person detected with confidence 0.6883829236030579"
2024-05-28 09:04:10,936,INFO,"Person detected with confidence 0.9268807768821716"
2024-05-28 09:04:10,936,INFO,"Person detected with confidence 0.9938452839851379"
2024-05-28 09:04:10,936,INFO,"Person detected with confidence 0.9996664524078369"
2024-05-28 09:04:10,936,INFO,"Person detected with confidence 0.9837749600410461"
2024-05-28 09:04:10,990,INFO,"Distance violation: objects 0 and 1 are too close"
2024-05-28 09:04:12,047,INFO,"Person detected with confidence 0.8565199375152588"
2024-05-28 09:04:12,047,INFO,"Person detected with confidence 0.3495265543460846"
2024-05-28 09:04:12,047,INFO,"Person detected with confidence 0.48405948281288147"
2024-05-28 09:04:12,047,INFO,"Person detected with confidence 0.9456801414489746"
2024-05-28 09:04:12,047,INFO,"Person detected with confidence 0.9854263663291931"
2024-05-28 09:04:12,048,INFO,"Person detected with confidence 0.9382407069206238"
2024-05-28 09:04:12,048,INFO,"Person detected with confidence 0.9374240040779114"
2024-05-28 09:04:12,048,INFO,"Person detected with confidence 0.8818186521530151"
2024-05-28 09:04:12,048,INFO,"Person detected with confidence 0.9577019810676575"
2024-05-28 09:04:12,048,INFO,"Person detected with confidence 0.9988496899604797"
2024-05-28 09:04:12,048,INFO,"Person detected with confidence 0.9991167187690735"
2024-05-28 09:04:12,049,INFO,"Person detected with confidence 0.6946609020233154"
2024-05-28 09:04:13,175,INFO,"Person detected with confidence 0.7740881443023682"
2024-05-28 09:04:13,175,INFO,"Person detected with confidence 0.9626219868659973"
2024-05-28 09:04:13,176,INFO,"Person detected with confidence 0.9833051562309265"
2024-05-28 09:04:13,176,INFO,"Person detected with confidence 0.998848557472229"
2024-05-28 09:04:13,176,INFO,"Person detected with confidence 0.9293121099472046"
2024-05-28 09:04:13,176,INFO,"Person detected with confidence 0.992503821849823"
2024-05-28 09:04:13,176,INFO,"Person detected with confidence 0.9989916086196899"
2024-05-28 09:04:13,176,INFO,"Person detected with confidence 0.9723742604255676"
2024-05-28 09:04:13,176,INFO,"Person detected with confidence 0.9978346824645996"
2024-05-28 09:04:13,177,INFO,"Person detected with confidence 0.9125692844390869"
2024-05-28 09:04:14,369,INFO,"Person detected with confidence 0.5001586079597473"
2024-05-28 09:04:14,369,INFO,"Person detected with confidence 0.8202732801437378"
2024-05-28 09:04:14,369,INFO,"Person detected with confidence 0.9848757386207581"
2024-05-28 09:04:14,369,INFO,"Person detected with confidence 0.9958486557006836"
2024-05-28 09:04:14,370,INFO,"Person detected with confidence 0.3604429066181183"
2024-05-28 09:04:14,370,INFO,"Person detected with confidence 0.9784419536590576"
2024-05-28 09:04:14,370,INFO,"Person detected with confidence 0.9941942095756531"
2024-05-28 09:04:14,370,INFO,"Person detected with confidence 0.7307923436164856"
2024-05-28 09:04:14,370,INFO,"Person detected with confidence 0.9328690767288208"
2024-05-28 09:04:14,371,INFO,"Person detected with confidence 0.9509798288345337"
2024-05-28 09:04:14,371,INFO,"Person detected with confidence 0.357761949300766"
2024-05-28 09:04:15,540,INFO,"Person detected with confidence 0.7556450366973877"
2024-05-28 09:04:15,540,INFO,"Person detected with confidence 0.9778770208358765"
2024-05-28 09:04:15,540,INFO,"Person detected with confidence 0.9971396327018738"
2024-05-28 09:04:15,541,INFO,"Person detected with confidence 0.9646300077438354"
2024-05-28 09:04:15,541,INFO,"Person detected with confidence 0.9908528327941895"
2024-05-28 09:04:15,541,INFO,"Person detected with confidence 0.8705427646636963"
2024-05-28 09:04:15,541,INFO,"Person detected with confidence 0.8895996809005737"
2024-05-28 09:04:15,541,INFO,"Person detected with confidence 0.9708673357963562"
2024-05-28 09:04:15,541,INFO,"Person detected with confidence 0.740660548210144"
2024-05-28 09:04:16,664,INFO,"Person detected with confidence 0.3828299641609192"
2024-05-28 09:04:16,664,INFO,"Person detected with confidence 0.9490182399749756"
2024-05-28 09:04:16,664,INFO,"Person detected with confidence 0.8954536318778992"
2024-05-28 09:04:16,664,INFO,"Person detected with confidence 0.9887117743492126"
2024-05-28 09:04:16,665,INFO,"Person detected with confidence 0.9994534850120544"
2024-05-28 09:04:16,665,INFO,"Person detected with confidence 0.3138583302497864"
2024-05-28 09:04:16,665,INFO,"Person detected with confidence 0.9929333925247192"
2024-05-28 09:04:16,665,INFO,"Person detected with confidence 0.998838484287262"
2024-05-28 09:04:16,665,INFO,"Person detected with confidence 0.9717402458190918"
2024-05-28 09:04:17,815,INFO,"Person detected with confidence 0.8449003100395203"
2024-05-28 09:04:17,815,INFO,"Person detected with confidence 0.9575770497322083"
2024-05-28 09:04:17,815,INFO,"Person detected with confidence 0.7630569338798523"
2024-05-28 09:04:17,815,INFO,"Person detected with confidence 0.9923691153526306"
2024-05-28 09:04:17,815,INFO,"Person detected with confidence 0.9986433386802673"
2024-05-28 09:04:17,816,INFO,"Person detected with confidence 0.4565536379814148"
2024-05-28 09:04:17,816,INFO,"Person detected with confidence 0.9947686195373535"
2024-05-28 09:04:17,816,INFO,"Person detected with confidence 0.9989867806434631"
2024-05-28 09:04:17,816,INFO,"Person detected with confidence 0.9815210103988647"
2024-05-28 09:04:17,816,INFO,"Person detected with confidence 0.3289210796356201"
2024-05-28 09:04:18,950,INFO,"Person detected with confidence 0.8501629829406738"
2024-05-28 09:04:18,951,INFO,"Person detected with confidence 0.9289728403091431"
2024-05-28 09:04:18,951,INFO,"Person detected with confidence 0.9943726658821106"
2024-05-28 09:04:18,951,INFO,"Person detected with confidence 0.3496190905570984"
2024-05-28 09:04:18,951,INFO,"Person detected with confidence 0.966013491153717"
2024-05-28 09:04:18,951,INFO,"Person detected with confidence 0.997631311416626"
2024-05-28 09:04:18,951,INFO,"Person detected with confidence 0.9988607168197632"
2024-05-28 09:04:18,951,INFO,"Person detected with confidence 0.8206146359443665"
2024-05-28 09:04:18,952,INFO,"Person detected with confidence 0.48847508430480957"
2024-05-28 09:04:18,952,INFO,"Person detected with confidence 0.5245785117149353"
2024-05-28 09:04:20,066,INFO,"Person detected with confidence 0.3204789459705353"
2024-05-28 09:04:20,066,INFO,"Person detected with confidence 0.7138038277626038"
2024-05-28 09:04:20,067,INFO,"Person detected with confidence 0.8746054768562317"
2024-05-28 09:04:20,067,INFO,"Person detected with confidence 0.9839566349983215"
2024-05-28 09:04:20,067,INFO,"Person detected with confidence 0.34106385707855225"
2024-05-28 09:04:20,067,INFO,"Person detected with confidence 0.3637278974056244"
2024-05-28 09:04:20,067,INFO,"Person detected with confidence 0.9892908334732056"
2024-05-28 09:04:20,067,INFO,"Person detected with confidence 0.9976292848587036"
2024-05-28 09:04:20,067,INFO,"Person detected with confidence 0.9960164427757263"
2024-05-28 09:04:20,067,INFO,"Person detected with confidence 0.7364288568496704"
2024-05-28 09:04:20,068,INFO,"Person detected with confidence 0.7362387180328369"
2024-05-28 09:04:20,068,INFO,"Person detected with confidence 0.944583535194397"
2024-05-28 09:04:20,068,INFO,"Person detected with confidence 0.9085965156555176"
2024-05-28 09:04:21,186,INFO,"Person detected with confidence 0.5649808645248413"
2024-05-28 09:04:21,186,INFO,"Person detected with confidence 0.9021957516670227"
2024-05-28 09:04:21,187,INFO,"Person detected with confidence 0.9467881321907043"
2024-05-28 09:04:21,187,INFO,"Person detected with confidence 0.9917954802513123"
2024-05-28 09:04:21,187,INFO,"Person detected with confidence 0.9734211564064026"
2024-05-28 09:04:21,187,INFO,"Person detected with confidence 0.9956287741661072"
2024-05-28 09:04:21,187,INFO,"Person detected with confidence 0.9972714781761169"
2024-05-28 09:04:21,187,INFO,"Person detected with confidence 0.8863807916641235"
2024-05-28 09:04:21,187,INFO,"Person detected with confidence 0.5421707034111023"
2024-05-28 09:04:21,187,INFO,"Person detected with confidence 0.8579956293106079"
2024-05-28 09:04:21,188,INFO,"Person detected with confidence 0.8691955208778381"
2024-05-28 09:04:22,315,INFO,"Person detected with confidence 0.38884228467941284"
2024-05-28 09:04:22,315,INFO,"Person detected with confidence 0.6586609482765198"
2024-05-28 09:04:22,315,INFO,"Person detected with confidence 0.7908433079719543"
2024-05-28 09:04:22,315,INFO,"Person detected with confidence 0.5233193635940552"
2024-05-28 09:04:22,316,INFO,"Person detected with confidence 0.5389910340309143"
2024-05-28 09:04:22,316,INFO,"Person detected with confidence 0.9921402335166931"
2024-05-28 09:04:22,316,INFO,"Person detected with confidence 0.9964800477027893"
2024-05-28 09:04:22,316,INFO,"Person detected with confidence 0.9892444610595703"
2024-05-28 09:04:22,316,INFO,"Person detected with confidence 0.69040846824646"
2024-05-28 09:04:22,316,INFO,"Person detected with confidence 0.747315526008606"
2024-05-28 09:04:22,316,INFO,"Person detected with confidence 0.8858688473701477"
2024-05-28 09:04:22,316,INFO,"Person detected with confidence 0.735825777053833"
2024-05-28 09:04:23,525,INFO,"Person detected with confidence 0.6021091938018799"
2024-05-28 09:04:23,526,INFO,"Person detected with confidence 0.878387451171875"
2024-05-28 09:04:23,526,INFO,"Person detected with confidence 0.9093697667121887"
2024-05-28 09:04:23,526,INFO,"Person detected with confidence 0.9981327056884766"
2024-05-28 09:04:23,526,INFO,"Person detected with confidence 0.9988914728164673"
2024-05-28 09:04:23,526,INFO,"Person detected with confidence 0.984944760799408"
2024-05-28 09:04:23,526,INFO,"Person detected with confidence 0.5887131094932556"
2024-05-28 09:04:23,526,INFO,"Person detected with confidence 0.8874741792678833"
2024-05-28 09:04:23,527,INFO,"Person detected with confidence 0.9014213681221008"
2024-05-28 09:04:23,527,INFO,"Person detected with confidence 0.3164256513118744"
2024-05-28 09:04:24,667,INFO,"Person detected with confidence 0.7594344615936279"
2024-05-28 09:04:24,667,INFO,"Person detected with confidence 0.5461075305938721"
2024-05-28 09:04:24,667,INFO,"Person detected with confidence 0.9240363240242004"
2024-05-28 09:04:24,667,INFO,"Person detected with confidence 0.7767046093940735"
2024-05-28 09:04:24,667,INFO,"Person detected with confidence 0.9910483360290527"
2024-05-28 09:04:24,667,INFO,"Person detected with confidence 0.7853909134864807"
2024-05-28 09:04:24,667,INFO,"Person detected with confidence 0.862695574760437"
2024-05-28 09:04:24,668,INFO,"Person detected with confidence 0.9985310435295105"
2024-05-28 09:04:24,668,INFO,"Person detected with confidence 0.999908447265625"
2024-05-28 09:04:24,668,INFO,"Person detected with confidence 0.9967672824859619"
2024-05-28 09:04:24,668,INFO,"Person detected with confidence 0.7045729160308838"
2024-05-28 09:04:24,668,INFO,"Person detected with confidence 0.9830527305603027"
2024-05-28 09:04:24,668,INFO,"Person detected with confidence 0.5133345723152161"
2024-05-28 09:04:24,724,INFO,"Distance violation: objects 0 and 1 are too close"
2024-05-28 09:04:25,933,INFO,"Person detected with confidence 0.6862723231315613"
2024-05-28 09:04:25,933,INFO,"Person detected with confidence 0.980980396270752"
2024-05-28 09:04:25,933,INFO,"Person detected with confidence 0.6530855894088745"
2024-05-28 09:04:25,934,INFO,"Person detected with confidence 0.32416868209838867"
2024-05-28 09:04:25,934,INFO,"Person detected with confidence 0.9929149150848389"
2024-05-28 09:04:25,934,INFO,"Person detected with confidence 0.38655638694763184"
2024-05-28 09:04:25,934,INFO,"Person detected with confidence 0.9852448105812073"
2024-05-28 09:04:25,934,INFO,"Person detected with confidence 0.8796288967132568"
2024-05-28 09:04:25,934,INFO,"Person detected with confidence 0.44176778197288513"
2024-05-28 09:04:25,934,INFO,"Person detected with confidence 0.7692155241966248"
2024-05-28 09:04:25,934,INFO,"Person detected with confidence 0.9972869157791138"
2024-05-28 09:04:25,935,INFO,"Person detected with confidence 0.9947726726531982"
2024-05-28 09:04:25,935,INFO,"Person detected with confidence 0.7366105318069458"
2024-05-28 09:04:25,935,INFO,"Person detected with confidence 0.3272722661495209"
2024-05-28 09:04:27,051,INFO,"Person detected with confidence 0.9267410635948181"
2024-05-28 09:04:27,052,INFO,"Person detected with confidence 0.9485576748847961"
2024-05-28 09:04:27,052,INFO,"Person detected with confidence 0.3808373808860779"
2024-05-28 09:04:27,052,INFO,"Person detected with confidence 0.995164692401886"
2024-05-28 09:04:27,052,INFO,"Person detected with confidence 0.9982620477676392"
2024-05-28 09:04:27,052,INFO,"Person detected with confidence 0.9625070691108704"
2024-05-28 09:04:27,053,INFO,"Person detected with confidence 0.9905439615249634"
2024-05-28 09:04:27,053,INFO,"Person detected with confidence 0.9963293671607971"
2024-05-28 09:04:27,053,INFO,"Person detected with confidence 0.958598256111145"
2024-05-28 09:04:28,180,INFO,"Person detected with confidence 0.9196744561195374"
2024-05-28 09:04:28,180,INFO,"Person detected with confidence 0.7343252301216125"
2024-05-28 09:04:28,180,INFO,"Person detected with confidence 0.9758217334747314"
2024-05-28 09:04:28,180,INFO,"Person detected with confidence 0.999921441078186"
2024-05-28 09:04:28,180,INFO,"Person detected with confidence 0.9999262094497681"
2024-05-28 09:04:28,180,INFO,"Person detected with confidence 0.6990888118743896"
2024-05-28 09:04:28,181,INFO,"Person detected with confidence 0.3615502417087555"
2024-05-28 09:04:28,181,INFO,"Person detected with confidence 0.9670551419258118"
2024-05-28 09:04:28,181,INFO,"Person detected with confidence 0.9575431942939758"
2024-05-28 09:04:29,328,INFO,"Person detected with confidence 0.4490976333618164"
2024-05-28 09:04:29,328,INFO,"Person detected with confidence 0.5289794206619263"
2024-05-28 09:04:29,328,INFO,"Person detected with confidence 0.7588629126548767"
2024-05-28 09:04:29,328,INFO,"Person detected with confidence 0.9219006299972534"
2024-05-28 09:04:29,328,INFO,"Person detected with confidence 0.7547537684440613"
2024-05-28 09:04:29,328,INFO,"Person detected with confidence 0.37575528025627136"
2024-05-28 09:04:29,329,INFO,"Person detected with confidence 0.7881864905357361"
2024-05-28 09:04:29,329,INFO,"Person detected with confidence 0.45728620886802673"
2024-05-28 09:04:29,388,INFO,"Distance violation: objects 0 and 1 are too close"
2024-05-28 09:04:30,503,INFO,"Person detected with confidence 0.840994656085968"
2024-05-28 09:04:30,504,INFO,"Person detected with confidence 0.991793692111969"
2024-05-28 09:04:30,504,INFO,"Person detected with confidence 0.9996739625930786"
2024-05-28 09:04:30,504,INFO,"Person detected with confidence 0.9904945492744446"
2024-05-28 09:04:30,504,INFO,"Person detected with confidence 0.9912195801734924"
2024-05-28 09:04:30,504,INFO,"Person detected with confidence 0.7694938778877258"
2024-05-28 09:04:30,504,INFO,"Person detected with confidence 0.979030966758728"
2024-05-28 09:04:30,505,INFO,"Person detected with confidence 0.9976231455802917"
2024-05-28 09:04:30,505,INFO,"Person detected with confidence 0.9697476625442505"
2024-05-28 09:04:31,076,INFO,"cell phone detected with confidence 0.99"
2024-05-28 09:04:31,613,INFO,"Person detected with confidence 0.9636082053184509"
2024-05-28 09:04:31,613,INFO,"Person detected with confidence 0.9510620832443237"
2024-05-28 09:04:31,614,INFO,"Person detected with confidence 0.9976573586463928"
2024-05-28 09:04:31,614,INFO,"Person detected with confidence 0.97487872838974"
2024-05-28 09:04:31,614,INFO,"Person detected with confidence 0.9233754277229309"
2024-05-28 09:04:31,614,INFO,"Person detected with confidence 0.9396912455558777"
2024-05-28 09:04:31,614,INFO,"Person detected with confidence 0.9985522031784058"
2024-05-28 09:04:31,615,INFO,"Person detected with confidence 0.9835258722305298"
2024-05-28 09:04:32,205,INFO,"cell phone detected with confidence 0.99"
2024-05-28 09:04:32,784,INFO,"Person detected with confidence 0.9148666858673096"
2024-05-28 09:04:32,784,INFO,"Person detected with confidence 0.43303701281547546"
2024-05-28 09:04:32,784,INFO,"Person detected with confidence 0.9449378848075867"
2024-05-28 09:04:32,784,INFO,"Person detected with confidence 0.9660809636116028"
2024-05-28 09:04:32,785,INFO,"Person detected with confidence 0.8171594142913818"
2024-05-28 09:04:32,785,INFO,"Person detected with confidence 0.7254960536956787"
2024-05-28 09:04:32,785,INFO,"Person detected with confidence 0.9936843514442444"
2024-05-28 09:04:32,785,INFO,"Person detected with confidence 0.9710228443145752"
2024-05-28 09:04:33,410,INFO,"cell phone detected with confidence 0.97"
2024-05-28 09:04:33,974,INFO,"Person detected with confidence 0.5491294264793396"
2024-05-28 09:04:33,975,INFO,"Person detected with confidence 0.6250686049461365"
2024-05-28 09:04:33,975,INFO,"Person detected with confidence 0.9608839154243469"
2024-05-28 09:04:33,975,INFO,"Person detected with confidence 0.4188607931137085"
2024-05-28 09:04:33,975,INFO,"Person detected with confidence 0.9523761868476868"
2024-05-28 09:04:33,975,INFO,"Person detected with confidence 0.9793007969856262"
2024-05-28 09:04:33,975,INFO,"Person detected with confidence 0.9964940547943115"
2024-05-28 09:04:33,975,INFO,"Person detected with confidence 0.8076949715614319"
2024-05-28 09:04:34,559,INFO,"cell phone detected with confidence 0.9"
2024-05-28 09:04:35,147,INFO,"Person detected with confidence 0.687187135219574"
2024-05-28 09:04:35,147,INFO,"Person detected with confidence 0.7961108684539795"
2024-05-28 09:04:35,147,INFO,"Person detected with confidence 0.5329089164733887"
2024-05-28 09:04:35,148,INFO,"Person detected with confidence 0.677027702331543"
2024-05-28 09:04:35,148,INFO,"Person detected with confidence 0.3582499027252197"
2024-05-28 09:04:35,148,INFO,"Person detected with confidence 0.34357258677482605"
2024-05-28 09:04:35,148,INFO,"Person detected with confidence 0.9771937727928162"
2024-05-28 09:04:35,148,INFO,"Person detected with confidence 0.9936753511428833"
2024-05-28 09:04:35,148,INFO,"Person detected with confidence 0.9877501130104065"
2024-05-28 09:04:35,148,INFO,"Person detected with confidence 0.9955283999443054"
2024-05-28 09:04:35,148,INFO,"Person detected with confidence 0.6600803732872009"
2024-05-28 09:04:35,149,INFO,"Person detected with confidence 0.3178970515727997"
2024-05-28 09:04:35,725,INFO,"cell phone detected with confidence 0.98"
2024-05-28 09:04:36,298,INFO,"Person detected with confidence 0.4077274799346924"
2024-05-28 09:04:36,298,INFO,"Person detected with confidence 0.3249508738517761"
2024-05-28 09:04:36,298,INFO,"Person detected with confidence 0.6919870972633362"
2024-05-28 09:04:36,299,INFO,"Person detected with confidence 0.7594016194343567"
2024-05-28 09:04:36,299,INFO,"Person detected with confidence 0.5992024540901184"
2024-05-28 09:04:36,299,INFO,"Person detected with confidence 0.8313231468200684"
2024-05-28 09:04:36,299,INFO,"Person detected with confidence 0.31091561913490295"
2024-05-28 09:04:36,299,INFO,"Person detected with confidence 0.9072453379631042"
2024-05-28 09:04:36,299,INFO,"Person detected with confidence 0.9888162612915039"
2024-05-28 09:04:36,299,INFO,"Person detected with confidence 0.9955529570579529"
2024-05-28 09:04:36,299,INFO,"Person detected with confidence 0.9945876598358154"
2024-05-28 09:04:36,299,INFO,"Person detected with confidence 0.6948095560073853"
2024-05-28 09:04:36,908,INFO,"cell phone detected with confidence 0.88"
2024-05-28 09:04:37,473,INFO,"Person detected with confidence 0.8204454779624939"
2024-05-28 09:04:37,473,INFO,"Person detected with confidence 0.733933687210083"
2024-05-28 09:04:37,473,INFO,"Person detected with confidence 0.7916727066040039"
2024-05-28 09:04:37,474,INFO,"Person detected with confidence 0.8834359645843506"
2024-05-28 09:04:37,474,INFO,"Person detected with confidence 0.691962718963623"
2024-05-28 09:04:37,474,INFO,"Person detected with confidence 0.8514484763145447"
2024-05-28 09:04:37,474,INFO,"Person detected with confidence 0.5537651777267456"
2024-05-28 09:04:37,474,INFO,"Person detected with confidence 0.6890137195587158"
2024-05-28 09:04:37,474,INFO,"Person detected with confidence 0.9882357120513916"
2024-05-28 09:04:37,474,INFO,"Person detected with confidence 0.9989302158355713"
2024-05-28 09:04:37,474,INFO,"Person detected with confidence 0.9988684058189392"
2024-05-28 09:04:37,474,INFO,"Person detected with confidence 0.7745406031608582"
2024-05-28 09:04:37,475,INFO,"Person detected with confidence 0.5171590447425842"
2024-05-28 09:04:38,082,INFO,"cell phone detected with confidence 0.88"
2024-05-28 09:04:38,644,INFO,"Person detected with confidence 0.7800992727279663"
2024-05-28 09:04:38,645,INFO,"Person detected with confidence 0.5879862904548645"
2024-05-28 09:04:38,645,INFO,"Person detected with confidence 0.6348721385002136"
2024-05-28 09:04:38,645,INFO,"Person detected with confidence 0.9788644313812256"
2024-05-28 09:04:38,645,INFO,"Person detected with confidence 0.9852643013000488"
2024-05-28 09:04:38,645,INFO,"Person detected with confidence 0.98619544506073"
2024-05-28 09:04:38,645,INFO,"Person detected with confidence 0.6810362339019775"
2024-05-28 09:04:38,646,INFO,"Person detected with confidence 0.773603618144989"
2024-05-28 09:04:38,646,INFO,"Person detected with confidence 0.5430630445480347"
2024-05-28 09:04:38,646,INFO,"Person detected with confidence 0.9480491280555725"
2024-05-28 09:04:38,646,INFO,"Person detected with confidence 0.9896118640899658"
2024-05-28 09:04:38,646,INFO,"Person detected with confidence 0.996727466583252"
2024-05-28 09:04:38,646,INFO,"Person detected with confidence 0.718522310256958"
2024-05-28 09:04:39,238,INFO,"cell phone detected with confidence 0.81"
2024-05-28 09:04:39,809,INFO,"Person detected with confidence 0.39299315214157104"
2024-05-28 09:04:39,810,INFO,"Person detected with confidence 0.649758517742157"
2024-05-28 09:04:39,810,INFO,"Person detected with confidence 0.7210335731506348"
2024-05-28 09:04:39,810,INFO,"Person detected with confidence 0.9603390097618103"
2024-05-28 09:04:39,810,INFO,"Person detected with confidence 0.5155491828918457"
2024-05-28 09:04:39,810,INFO,"Person detected with confidence 0.7453991770744324"
2024-05-28 09:04:39,811,INFO,"Person detected with confidence 0.6874897480010986"
2024-05-28 09:04:39,811,INFO,"Person detected with confidence 0.9651583433151245"
2024-05-28 09:04:39,811,INFO,"Person detected with confidence 0.993330717086792"
2024-05-28 09:04:39,811,INFO,"Person detected with confidence 0.998924195766449"
2024-05-28 09:04:39,811,INFO,"Person detected with confidence 0.9720826745033264"
2024-05-28 09:04:40,403,INFO,"cell phone detected with confidence 0.91"
2024-05-28 09:04:40,944,INFO,"Person detected with confidence 0.50758957862854"
2024-05-28 09:04:40,944,INFO,"Person detected with confidence 0.7394281625747681"
2024-05-28 09:04:40,944,INFO,"Person detected with confidence 0.9755735993385315"
2024-05-28 09:04:40,944,INFO,"Person detected with confidence 0.9978963136672974"
2024-05-28 09:04:40,944,INFO,"Person detected with confidence 0.9843230247497559"
2024-05-28 09:04:40,944,INFO,"Person detected with confidence 0.5365084409713745"
2024-05-28 09:04:40,944,INFO,"Person detected with confidence 0.3023097515106201"
2024-05-28 09:04:40,944,INFO,"Person detected with confidence 0.4804460108280182"
2024-05-28 09:04:40,945,INFO,"Person detected with confidence 0.8797376155853271"
2024-05-28 09:04:40,945,INFO,"Person detected with confidence 0.9967890381813049"
2024-05-28 09:04:40,945,INFO,"Person detected with confidence 0.9231422543525696"
2024-05-28 09:04:41,542,INFO,"cell phone detected with confidence 0.99"
2024-05-28 09:04:42,126,INFO,"Person detected with confidence 0.39337384700775146"
2024-05-28 09:04:42,127,INFO,"Person detected with confidence 0.9727131128311157"
2024-05-28 09:04:42,127,INFO,"Person detected with confidence 0.40694278478622437"
2024-05-28 09:04:42,127,INFO,"Person detected with confidence 0.7905318140983582"
2024-05-28 09:04:42,127,INFO,"Person detected with confidence 0.9976829886436462"
2024-05-28 09:04:42,127,INFO,"Person detected with confidence 0.9904053807258606"
2024-05-28 09:04:42,127,INFO,"Person detected with confidence 0.9192440509796143"
2024-05-28 09:04:42,127,INFO,"Person detected with confidence 0.9816884994506836"
2024-05-28 09:04:42,127,INFO,"Person detected with confidence 0.4087885320186615"
2024-05-28 09:04:42,128,INFO,"Person detected with confidence 0.643120288848877"
2024-05-28 09:04:42,128,INFO,"Person detected with confidence 0.9784741997718811"
2024-05-28 09:04:42,128,INFO,"Person detected with confidence 0.9034764170646667"
2024-05-28 09:04:42,185,INFO,"Distance violation: objects 0 and 1 are too close"
2024-05-28 09:04:43,348,INFO,"Person detected with confidence 0.9650696516036987"
2024-05-28 09:04:43,348,INFO,"Person detected with confidence 0.9443070888519287"
2024-05-28 09:04:43,348,INFO,"Person detected with confidence 0.7637009620666504"
2024-05-28 09:04:43,349,INFO,"Person detected with confidence 0.8531590700149536"
2024-05-28 09:04:43,349,INFO,"Person detected with confidence 0.9806090593338013"
2024-05-28 09:04:43,349,INFO,"Person detected with confidence 0.9428998827934265"
2024-05-28 09:04:43,349,INFO,"Person detected with confidence 0.9600123763084412"
2024-05-28 09:04:43,349,INFO,"Person detected with confidence 0.9997630715370178"
2024-05-28 09:04:43,349,INFO,"Person detected with confidence 0.9998482465744019"
2024-05-28 09:04:43,349,INFO,"Person detected with confidence 0.9910061955451965"
2024-05-28 09:04:43,349,INFO,"Person detected with confidence 0.9862049221992493"
2024-05-28 09:04:43,962,INFO,"cell phone detected with confidence 0.74"
2024-05-28 09:04:44,548,INFO,"Person detected with confidence 0.32320815324783325"
2024-05-28 09:04:44,548,INFO,"Person detected with confidence 0.9870049953460693"
2024-05-28 09:04:44,548,INFO,"Person detected with confidence 0.8711182475090027"
2024-05-28 09:04:44,548,INFO,"Person detected with confidence 0.9236810803413391"
2024-05-28 09:04:44,548,INFO,"Person detected with confidence 0.3438991606235504"
2024-05-28 09:04:44,549,INFO,"Person detected with confidence 0.8983283042907715"
2024-05-28 09:04:44,549,INFO,"Person detected with confidence 0.9965438842773438"
2024-05-28 09:04:44,549,INFO,"Person detected with confidence 0.9999781847000122"
2024-05-28 09:04:44,549,INFO,"Person detected with confidence 0.991190493106842"
2024-05-28 09:04:44,549,INFO,"Person detected with confidence 0.8312891125679016"
2024-05-28 09:04:44,549,INFO,"Person detected with confidence 0.9982696771621704"
2024-05-28 09:04:44,549,INFO,"Person detected with confidence 0.30820968747138977"
2024-05-28 09:04:45,146,INFO,"cell phone detected with confidence 0.56"
2024-05-28 09:04:45,712,INFO,"Person detected with confidence 0.35176876187324524"
2024-05-28 09:04:45,712,INFO,"Person detected with confidence 0.9703931212425232"
2024-05-28 09:04:45,712,INFO,"Person detected with confidence 0.6393058896064758"
2024-05-28 09:04:45,712,INFO,"Person detected with confidence 0.33924630284309387"
2024-05-28 09:04:45,712,INFO,"Person detected with confidence 0.8912956118583679"
2024-05-28 09:04:45,713,INFO,"Person detected with confidence 0.7995297908782959"
2024-05-28 09:04:45,713,INFO,"Person detected with confidence 0.9826173782348633"
2024-05-28 09:04:45,713,INFO,"Person detected with confidence 0.9691010117530823"
2024-05-28 09:04:45,713,INFO,"Person detected with confidence 0.9355096220970154"
2024-05-28 09:04:45,713,INFO,"Person detected with confidence 0.9110411405563354"
2024-05-28 09:04:45,713,INFO,"Person detected with confidence 0.8913835287094116"
2024-05-28 09:04:45,713,INFO,"Person detected with confidence 0.9978188276290894"
2024-05-28 09:04:45,713,INFO,"Person detected with confidence 0.997732400894165"
2024-05-28 09:04:45,713,INFO,"Person detected with confidence 0.5741644501686096"
2024-05-28 09:04:45,714,INFO,"Person detected with confidence 0.49971678853034973"
2024-05-28 09:04:45,768,INFO,"Distance violation: objects 0 and 1 are too close"
2024-05-28 09:04:46,371,INFO,"cell phone detected with confidence 0.96"
2024-05-28 09:04:46,986,INFO,"Person detected with confidence 0.9712440371513367"
2024-05-28 09:04:46,986,INFO,"Person detected with confidence 0.8365277051925659"
2024-05-28 09:04:46,986,INFO,"Person detected with confidence 0.7805928587913513"
2024-05-28 09:04:46,986,INFO,"Person detected with confidence 0.64020174741745"
2024-05-28 09:04:46,986,INFO,"Person detected with confidence 0.9983378648757935"
2024-05-28 09:04:46,986,INFO,"Person detected with confidence 0.9988494515419006"
2024-05-28 09:04:46,986,INFO,"Person detected with confidence 0.8208455443382263"
2024-05-28 09:04:46,987,INFO,"Person detected with confidence 0.9125311970710754"
2024-05-28 09:04:46,987,INFO,"Person detected with confidence 0.8832184076309204"
2024-05-28 09:04:46,987,INFO,"Person detected with confidence 0.8202175498008728"
2024-05-28 09:04:46,987,INFO,"Person detected with confidence 0.7829271554946899"
2024-05-28 09:04:46,987,INFO,"Person detected with confidence 0.998615562915802"
2024-05-28 09:04:46,987,INFO,"Person detected with confidence 0.995989203453064"
2024-05-28 09:04:46,987,INFO,"Person detected with confidence 0.4537988305091858"
2024-05-28 09:04:47,051,INFO,"Distance violation: objects 0 and 1 are too close"
2024-05-28 09:04:47,580,INFO,"cell phone detected with confidence 0.87"
2024-05-28 09:04:48,133,INFO,"Person detected with confidence 0.4399644434452057"
2024-05-28 09:04:48,134,INFO,"Person detected with confidence 0.9885875582695007"
2024-05-28 09:04:48,134,INFO,"Person detected with confidence 0.9780505299568176"
2024-05-28 09:04:48,134,INFO,"Person detected with confidence 0.5211352705955505"
2024-05-28 09:04:48,134,INFO,"Person detected with confidence 0.9681382179260254"
2024-05-28 09:04:48,134,INFO,"Person detected with confidence 0.32229429483413696"
2024-05-28 09:04:48,134,INFO,"Person detected with confidence 0.997331976890564"
2024-05-28 09:04:48,134,INFO,"Person detected with confidence 0.9984159469604492"
2024-05-28 09:04:48,135,INFO,"Person detected with confidence 0.8900769948959351"
2024-05-28 09:04:48,135,INFO,"Person detected with confidence 0.9304623007774353"
2024-05-28 09:04:48,135,INFO,"Person detected with confidence 0.966191291809082"
2024-05-28 09:04:48,135,INFO,"Person detected with confidence 0.9414011240005493"
2024-05-28 09:04:48,135,INFO,"Person detected with confidence 0.6757022738456726"
2024-05-28 09:04:48,135,INFO,"Person detected with confidence 0.9993798136711121"
2024-05-28 09:04:48,135,INFO,"Person detected with confidence 0.9992045164108276"
2024-05-28 09:04:48,135,INFO,"Person detected with confidence 0.8589520454406738"
2024-05-28 09:04:48,193,INFO,"Distance violation: objects 0 and 1 are too close"
2024-05-28 09:04:49,256,INFO,"Person detected with confidence 0.9742150902748108"
2024-05-28 09:04:49,256,INFO,"Person detected with confidence 0.9809750914573669"
2024-05-28 09:04:49,256,INFO,"Person detected with confidence 0.9459092617034912"
2024-05-28 09:04:49,256,INFO,"Person detected with confidence 0.3607063591480255"
2024-05-28 09:04:49,256,INFO,"Person detected with confidence 0.9939150810241699"
2024-05-28 09:04:49,256,INFO,"Person detected with confidence 0.9950320720672607"
2024-05-28 09:04:49,256,INFO,"Person detected with confidence 0.977604329586029"
2024-05-28 09:04:49,256,INFO,"Person detected with confidence 0.9924350380897522"
2024-05-28 09:04:49,257,INFO,"Person detected with confidence 0.946283757686615"
2024-05-28 09:04:49,257,INFO,"Person detected with confidence 0.8874714374542236"
2024-05-28 09:04:49,257,INFO,"Person detected with confidence 0.999237596988678"
2024-05-28 09:04:49,257,INFO,"Person detected with confidence 0.9989721179008484"
2024-05-28 09:04:49,257,INFO,"Person detected with confidence 0.683056652545929"
2024-05-28 09:04:50,366,INFO,"Person detected with confidence 0.4676936864852905"
2024-05-28 09:04:50,367,INFO,"Person detected with confidence 0.981717050075531"
2024-05-28 09:04:50,367,INFO,"Person detected with confidence 0.9873585104942322"
2024-05-28 09:04:50,367,INFO,"Person detected with confidence 0.4787796437740326"
2024-05-28 09:04:50,367,INFO,"Person detected with confidence 0.9804068207740784"
2024-05-28 09:04:50,367,INFO,"Person detected with confidence 0.9702785015106201"
2024-05-28 09:04:50,367,INFO,"Person detected with confidence 0.9893192648887634"
2024-05-28 09:04:50,367,INFO,"Person detected with confidence 0.9741360545158386"
2024-05-28 09:04:50,367,INFO,"Person detected with confidence 0.9921567440032959"
2024-05-28 09:04:50,368,INFO,"Person detected with confidence 0.9655563831329346"
2024-05-28 09:04:50,368,INFO,"Person detected with confidence 0.7780873775482178"
2024-05-28 09:04:50,368,INFO,"Person detected with confidence 0.9987747073173523"
2024-05-28 09:04:50,368,INFO,"Person detected with confidence 0.9994114637374878"
2024-05-28 09:04:50,368,INFO,"Person detected with confidence 0.9046406745910645"
2024-05-28 09:04:50,368,INFO,"Person detected with confidence 0.303824782371521"
2024-05-28 09:04:50,424,INFO,"Distance violation: objects 0 and 1 are too close"
2024-05-28 09:04:51,490,INFO,"Person detected with confidence 0.5662265419960022"
2024-05-28 09:04:51,491,INFO,"Person detected with confidence 0.992728054523468"
2024-05-28 09:04:51,491,INFO,"Person detected with confidence 0.9830282330513"
2024-05-28 09:04:51,491,INFO,"Person detected with confidence 0.5663031935691833"
2024-05-28 09:04:51,491,INFO,"Person detected with confidence 0.9472649693489075"
2024-05-28 09:04:51,491,INFO,"Person detected with confidence 0.6849496960639954"
2024-05-28 09:04:51,491,INFO,"Person detected with confidence 0.998927116394043"
2024-05-28 09:04:51,491,INFO,"Person detected with confidence 0.9997369647026062"
2024-05-28 09:04:51,491,INFO,"Person detected with confidence 0.9022642970085144"
2024-05-28 09:04:51,492,INFO,"Person detected with confidence 0.9848024249076843"
2024-05-28 09:04:51,492,INFO,"Person detected with confidence 0.9875048995018005"
2024-05-28 09:04:51,492,INFO,"Person detected with confidence 0.8716573119163513"
2024-05-28 09:04:51,492,INFO,"Person detected with confidence 0.9202297925949097"
2024-05-28 09:04:51,492,INFO,"Person detected with confidence 0.9482083916664124"
2024-05-28 09:04:51,547,INFO,"Distance violation: objects 0 and 1 are too close"
2024-05-28 09:04:52,588,INFO,"Person detected with confidence 0.5107550024986267"
2024-05-28 09:04:52,589,INFO,"Person detected with confidence 0.4846803843975067"
2024-05-28 09:04:52,589,INFO,"Person detected with confidence 0.3857969045639038"
2024-05-28 09:04:52,589,INFO,"Person detected with confidence 0.9762693643569946"
2024-05-28 09:04:52,589,INFO,"Person detected with confidence 0.8314720392227173"
2024-05-28 09:04:52,589,INFO,"Person detected with confidence 0.7580390572547913"
2024-05-28 09:04:52,589,INFO,"Person detected with confidence 0.883422315120697"
2024-05-28 09:04:52,589,INFO,"Person detected with confidence 0.9995779395103455"
2024-05-28 09:04:52,589,INFO,"Person detected with confidence 0.9998451471328735"
2024-05-28 09:04:52,589,INFO,"Person detected with confidence 0.8601536154747009"
2024-05-28 09:04:52,590,INFO,"Person detected with confidence 0.8715231418609619"
2024-05-28 09:04:52,590,INFO,"Person detected with confidence 0.7564136385917664"
2024-05-28 09:04:52,590,INFO,"Person detected with confidence 0.36509114503860474"
2024-05-28 09:04:52,590,INFO,"Person detected with confidence 0.9621449112892151"
2024-05-28 09:04:52,590,INFO,"Person detected with confidence 0.976922869682312"
2024-05-28 09:04:52,646,INFO,"Distance violation: objects 0 and 1 are too close"
2024-05-28 09:04:53,726,INFO,"Person detected with confidence 0.42789512872695923"
2024-05-28 09:04:53,727,INFO,"Person detected with confidence 0.9520680904388428"
2024-05-28 09:04:53,727,INFO,"Person detected with confidence 0.9844922423362732"
2024-05-28 09:04:53,727,INFO,"Person detected with confidence 0.6478940844535828"
2024-05-28 09:04:53,727,INFO,"Person detected with confidence 0.9893432855606079"
2024-05-28 09:04:53,727,INFO,"Person detected with confidence 0.30421772599220276"
2024-05-28 09:04:53,727,INFO,"Person detected with confidence 0.6885318160057068"
2024-05-28 09:04:53,727,INFO,"Person detected with confidence 0.9960433840751648"
2024-05-28 09:04:53,727,INFO,"Person detected with confidence 0.997273862361908"
2024-05-28 09:04:53,728,INFO,"Person detected with confidence 0.3899467885494232"
2024-05-28 09:04:53,728,INFO,"Person detected with confidence 0.8383431434631348"
2024-05-28 09:04:53,728,INFO,"Person detected with confidence 0.9769451022148132"
2024-05-28 09:04:53,728,INFO,"Person detected with confidence 0.9665571451187134"
2024-05-28 09:04:53,728,INFO,"Person detected with confidence 0.6457306146621704"
2024-05-28 09:04:53,728,INFO,"Person detected with confidence 0.997115433216095"
2024-05-28 09:04:53,728,INFO,"Person detected with confidence 0.9953488707542419"
2024-05-28 09:04:53,728,INFO,"Person detected with confidence 0.34380534291267395"
2024-05-28 09:04:53,785,INFO,"Distance violation: objects 0 and 1 are too close"
2024-05-28 09:04:54,887,INFO,"Person detected with confidence 0.9759296178817749"
2024-05-28 09:04:54,887,INFO,"Person detected with confidence 0.9864327311515808"
2024-05-28 09:04:54,887,INFO,"Person detected with confidence 0.4821498394012451"
2024-05-28 09:04:54,887,INFO,"Person detected with confidence 0.973395586013794"
2024-05-28 09:04:54,887,INFO,"Person detected with confidence 0.4329257011413574"
2024-05-28 09:04:54,887,INFO,"Person detected with confidence 0.8762977719306946"
2024-05-28 09:04:54,888,INFO,"Person detected with confidence 0.9882106781005859"
2024-05-28 09:04:54,888,INFO,"Person detected with confidence 0.9966450929641724"
2024-05-28 09:04:54,888,INFO,"Person detected with confidence 0.37754708528518677"
2024-05-28 09:04:54,888,INFO,"Person detected with confidence 0.980405867099762"
2024-05-28 09:04:54,888,INFO,"Person detected with confidence 0.6381721496582031"
2024-05-28 09:04:54,888,INFO,"Person detected with confidence 0.9973086714744568"
2024-05-28 09:04:54,889,INFO,"Person detected with confidence 0.9996761083602905"
2024-05-28 09:04:54,889,INFO,"Person detected with confidence 0.9877976179122925"
2024-05-28 09:04:54,889,INFO,"Person detected with confidence 0.3432943820953369"
2024-05-28 09:04:54,889,INFO,"Person detected with confidence 0.9018504023551941"
2024-05-28 09:04:54,948,INFO,"Distance violation: objects 0 and 1 are too close"
2024-05-28 09:04:56,038,INFO,"Person detected with confidence 0.5462121367454529"
2024-05-28 09:04:56,038,INFO,"Person detected with confidence 0.37900054454803467"
2024-05-28 09:04:56,038,INFO,"Person detected with confidence 0.5073482394218445"
2024-05-28 09:04:56,038,INFO,"Person detected with confidence 0.3196052312850952"
2024-05-28 09:04:56,038,INFO,"Person detected with confidence 0.7344698905944824"
2024-05-28 09:04:56,038,INFO,"Person detected with confidence 0.9580370783805847"
2024-05-28 09:04:56,039,INFO,"Person detected with confidence 0.984441876411438"
2024-05-28 09:04:56,039,INFO,"Person detected with confidence 0.9808264970779419"
2024-05-28 09:04:56,039,INFO,"Person detected with confidence 0.7260856628417969"
2024-05-28 09:04:56,039,INFO,"Person detected with confidence 0.9971585273742676"
2024-05-28 09:04:56,039,INFO,"Person detected with confidence 0.9990856647491455"
2024-05-28 09:04:56,039,INFO,"Person detected with confidence 0.9794119000434875"
2024-05-28 09:04:56,039,INFO,"Person detected with confidence 0.5209515690803528"
2024-05-28 09:04:56,110,INFO,"Distance violation: objects 0 and 1 are too close"
2024-05-28 09:04:57,983,INFO,"Person detected with confidence 0.9036169052124023"
2024-05-28 09:04:57,984,INFO,"Person detected with confidence 0.9861427545547485"
2024-05-28 09:04:57,984,INFO,"Person detected with confidence 0.9840134382247925"
2024-05-28 09:04:57,984,INFO,"Person detected with confidence 0.9557619094848633"
2024-05-28 09:04:57,984,INFO,"Person detected with confidence 0.788630485534668"
2024-05-28 09:04:57,984,INFO,"Person detected with confidence 0.942525327205658"
2024-05-28 09:04:57,984,INFO,"Person detected with confidence 0.6008203625679016"
2024-05-28 09:04:57,985,INFO,"Person detected with confidence 0.9995923042297363"
2024-05-28 09:04:57,985,INFO,"Person detected with confidence 0.9997957348823547"
2024-05-28 09:04:57,985,INFO,"Person detected with confidence 0.9536557197570801"
2024-05-28 09:04:57,985,INFO,"Person detected with confidence 0.6961199641227722"
2024-05-28 09:04:57,985,INFO,"Person detected with confidence 0.7661991119384766"
2024-05-28 09:04:58,054,INFO,"Distance violation: objects 0 and 1 are too close"
2024-05-28 09:05:00,045,INFO,"Person detected with confidence 0.5275367498397827"
2024-05-28 09:05:00,046,INFO,"Person detected with confidence 0.6953384876251221"
2024-05-28 09:05:00,046,INFO,"Person detected with confidence 0.9801924228668213"
2024-05-28 09:05:00,047,INFO,"Person detected with confidence 0.9997822642326355"
2024-05-28 09:05:00,047,INFO,"Person detected with confidence 0.9981584548950195"
2024-05-28 09:05:00,047,INFO,"Person detected with confidence 0.4593369960784912"
2024-05-28 09:05:00,048,INFO,"Person detected with confidence 0.9955854415893555"
2024-05-28 09:05:00,048,INFO,"Person detected with confidence 0.9609312415122986"
2024-05-28 09:05:00,048,INFO,"Person detected with confidence 0.5171985030174255"
2024-05-28 09:05:00,049,INFO,"Person detected with confidence 0.901540994644165"
2024-05-28 09:05:00,049,INFO,"Person detected with confidence 0.9977352619171143"
2024-05-28 09:05:00,049,INFO,"Person detected with confidence 0.827725350856781"
2024-05-28 09:05:00,050,INFO,"Person detected with confidence 0.44965386390686035"
2024-05-28 09:05:00,212,INFO,"Distance violation: objects 0 and 1 are too close"
2024-05-28 09:05:02,157,INFO,"Person detected with confidence 0.898983895778656"
2024-05-28 09:05:02,157,INFO,"Person detected with confidence 0.5278335213661194"
2024-05-28 09:05:02,158,INFO,"Person detected with confidence 0.8541314005851746"
2024-05-28 09:05:02,158,INFO,"Person detected with confidence 0.9806585311889648"
2024-05-28 09:05:02,158,INFO,"Person detected with confidence 0.9996205568313599"
2024-05-28 09:05:02,158,INFO,"Person detected with confidence 0.9975994825363159"
2024-05-28 09:05:02,158,INFO,"Person detected with confidence 0.4283469319343567"
2024-05-28 09:05:02,158,INFO,"Person detected with confidence 0.9905552268028259"
2024-05-28 09:05:02,159,INFO,"Person detected with confidence 0.8539719581604004"
2024-05-28 09:05:02,159,INFO,"Person detected with confidence 0.36985519528388977"
2024-05-28 09:05:02,159,INFO,"Person detected with confidence 0.4846334159374237"
2024-05-28 09:05:02,159,INFO,"Person detected with confidence 0.978553295135498"
2024-05-28 09:05:02,159,INFO,"Person detected with confidence 0.6198157072067261"
2024-05-28 09:05:02,159,INFO,"Person detected with confidence 0.5446430444717407"
2024-05-28 09:05:02,276,INFO,"Distance violation: objects 0 and 1 are too close"
2024-05-28 09:05:04,676,INFO,"Person detected with confidence 0.6141368746757507"
2024-05-28 09:05:04,676,INFO,"Person detected with confidence 0.9355846643447876"
2024-05-28 09:05:04,677,INFO,"Person detected with confidence 0.48730990290641785"
2024-05-28 09:05:04,677,INFO,"Person detected with confidence 0.992182195186615"
2024-05-28 09:05:04,677,INFO,"Person detected with confidence 0.9998416900634766"
2024-05-28 09:05:04,677,INFO,"Person detected with confidence 0.9975047707557678"
2024-05-28 09:05:04,677,INFO,"Person detected with confidence 0.5338537693023682"
2024-05-28 09:05:04,677,INFO,"Person detected with confidence 0.9882192015647888"
2024-05-28 09:05:04,677,INFO,"Person detected with confidence 0.9445506930351257"
2024-05-28 09:05:04,678,INFO,"Person detected with confidence 0.34262269735336304"
2024-05-28 09:05:04,678,INFO,"Person detected with confidence 0.8963235020637512"
2024-05-28 09:05:04,678,INFO,"Person detected with confidence 0.9976490139961243"
2024-05-28 09:05:04,678,INFO,"Person detected with confidence 0.8080758452415466"
2024-05-28 09:05:04,678,INFO,"Person detected with confidence 0.3556937277317047"
2024-05-28 09:05:04,762,INFO,"Distance violation: objects 0 and 1 are too close"
2024-05-28 09:05:06,956,INFO,"Person detected with confidence 0.528710663318634"
2024-05-28 09:05:06,956,INFO,"Person detected with confidence 0.8536295294761658"
2024-05-28 09:05:06,957,INFO,"Person detected with confidence 0.9660967588424683"
2024-05-28 09:05:06,957,INFO,"Person detected with confidence 0.9821146726608276"
2024-05-28 09:05:06,957,INFO,"Person detected with confidence 0.9998025894165039"
2024-05-28 09:05:06,957,INFO,"Person detected with confidence 0.9933580756187439"
2024-05-28 09:05:06,958,INFO,"Person detected with confidence 0.9425281882286072"
2024-05-28 09:05:06,958,INFO,"Person detected with confidence 0.9607928395271301"
2024-05-28 09:05:07,091,INFO,"Distance violation: objects 0 and 1 are too close"
2024-05-28 09:05:09,369,INFO,"Person detected with confidence 0.7596968412399292"
2024-05-28 09:05:09,370,INFO,"Person detected with confidence 0.681627094745636"
2024-05-28 09:05:09,370,INFO,"Person detected with confidence 0.6578611135482788"
2024-05-28 09:05:09,370,INFO,"Person detected with confidence 0.9805886149406433"
2024-05-28 09:05:09,370,INFO,"Person detected with confidence 0.9997665286064148"
2024-05-28 09:05:09,370,INFO,"Person detected with confidence 0.9940703511238098"
2024-05-28 09:05:09,371,INFO,"Person detected with confidence 0.7474845051765442"
2024-05-28 09:05:09,371,INFO,"Person detected with confidence 0.7053452730178833"
2024-05-28 09:05:09,371,INFO,"Person detected with confidence 0.5450025796890259"
2024-05-28 09:05:09,371,INFO,"Person detected with confidence 0.9655280709266663"
2024-05-28 09:05:09,371,INFO,"Person detected with confidence 0.3921886682510376"
2024-05-28 09:05:09,456,INFO,"Distance violation: objects 0 and 1 are too close"
2024-05-28 09:05:11,376,INFO,"Person detected with confidence 0.736437976360321"
2024-05-28 09:05:11,377,INFO,"Person detected with confidence 0.5396761894226074"
2024-05-28 09:05:11,377,INFO,"Person detected with confidence 0.6489229202270508"
2024-05-28 09:05:11,377,INFO,"Person detected with confidence 0.949906051158905"
2024-05-28 09:05:11,377,INFO,"Person detected with confidence 0.9997093081474304"
2024-05-28 09:05:11,377,INFO,"Person detected with confidence 0.9969855546951294"
2024-05-28 09:05:11,378,INFO,"Person detected with confidence 0.758629322052002"
2024-05-28 09:05:11,378,INFO,"Person detected with confidence 0.8934565186500549"
2024-05-28 09:05:11,378,INFO,"Person detected with confidence 0.942359983921051"
2024-05-28 09:05:11,449,INFO,"Distance violation: objects 0 and 1 are too close"
2024-05-28 09:05:13,278,INFO,"Person detected with confidence 0.4823015034198761"
2024-05-28 09:05:13,278,INFO,"Person detected with confidence 0.32444682717323303"
2024-05-28 09:05:13,278,INFO,"Person detected with confidence 0.6752227544784546"
2024-05-28 09:05:13,279,INFO,"Person detected with confidence 0.9743291735649109"
2024-05-28 09:05:13,279,INFO,"Person detected with confidence 0.9997497200965881"
2024-05-28 09:05:13,279,INFO,"Person detected with confidence 0.9882004857063293"
2024-05-28 09:05:13,279,INFO,"Person detected with confidence 0.7240389585494995"
2024-05-28 09:05:13,279,INFO,"Person detected with confidence 0.964299738407135"
2024-05-28 09:05:13,279,INFO,"Person detected with confidence 0.7502316832542419"
2024-05-28 09:05:13,279,INFO,"Person detected with confidence 0.9939038157463074"
2024-05-28 09:05:13,280,INFO,"Person detected with confidence 0.3617972731590271"
2024-05-28 09:05:13,363,INFO,"Distance violation: objects 0 and 1 are too close"
2024-05-28 09:05:15,456,INFO,"Person detected with confidence 0.7174598574638367"
2024-05-28 09:05:15,457,INFO,"Person detected with confidence 0.36742523312568665"
2024-05-28 09:05:15,457,INFO,"Person detected with confidence 0.5966479778289795"
2024-05-28 09:05:15,457,INFO,"Person detected with confidence 0.9885450005531311"
2024-05-28 09:05:15,458,INFO,"Person detected with confidence 0.9998346567153931"
2024-05-28 09:05:15,458,INFO,"Person detected with confidence 0.9909432530403137"
2024-05-28 09:05:15,458,INFO,"Person detected with confidence 0.7935360670089722"
2024-05-28 09:05:15,459,INFO,"Person detected with confidence 0.9455757141113281"
2024-05-28 09:05:15,459,INFO,"Person detected with confidence 0.779019296169281"
2024-05-28 09:05:15,459,INFO,"Person detected with confidence 0.9907436370849609"
2024-05-28 09:05:15,558,INFO,"Distance violation: objects 0 and 1 are too close"
2024-05-28 09:05:17,754,INFO,"Person detected with confidence 0.7386681437492371"
2024-05-28 09:05:17,754,INFO,"Person detected with confidence 0.3064034879207611"
2024-05-28 09:05:17,754,INFO,"Person detected with confidence 0.5499289631843567"
2024-05-28 09:05:17,755,INFO,"Person detected with confidence 0.9834880232810974"
2024-05-28 09:05:17,755,INFO,"Person detected with confidence 0.9998517036437988"
2024-05-28 09:05:17,755,INFO,"Person detected with confidence 0.9964790940284729"
2024-05-28 09:05:17,755,INFO,"Person detected with confidence 0.3629429042339325"
2024-05-28 09:05:17,755,INFO,"Person detected with confidence 0.8363634347915649"
2024-05-28 09:05:17,755,INFO,"Person detected with confidence 0.965509295463562"
2024-05-28 09:05:17,755,INFO,"Person detected with confidence 0.7445676922798157"
2024-05-28 09:05:17,755,INFO,"Person detected with confidence 0.993445634841919"
2024-05-28 09:05:17,756,INFO,"Person detected with confidence 0.6686065793037415"
2024-05-28 09:05:17,841,INFO,"Distance violation: objects 0 and 1 are too close"
2024-05-28 09:05:19,714,INFO,"Person detected with confidence 0.5233230590820312"
2024-05-28 09:05:19,714,INFO,"Person detected with confidence 0.5240037441253662"
2024-05-28 09:05:19,715,INFO,"Person detected with confidence 0.5060009956359863"
2024-05-28 09:05:19,715,INFO,"Person detected with confidence 0.8723950982093811"
2024-05-28 09:05:19,715,INFO,"Person detected with confidence 0.8804566264152527"
2024-05-28 09:05:19,715,INFO,"Person detected with confidence 0.9999523162841797"
2024-05-28 09:05:19,716,INFO,"Person detected with confidence 0.9999319314956665"
2024-05-28 09:05:19,716,INFO,"Person detected with confidence 0.9720515608787537"
2024-05-28 09:05:19,716,INFO,"Person detected with confidence 0.9321732521057129"
2024-05-28 09:05:19,716,INFO,"Person detected with confidence 0.9961907863616943"
2024-05-28 09:05:19,716,INFO,"Person detected with confidence 0.42260196805000305"
2024-05-28 09:05:19,717,INFO,"Person detected with confidence 0.998105525970459"
2024-05-28 09:05:19,717,INFO,"Person detected with confidence 0.99612957239151"
2024-05-28 09:05:19,815,INFO,"Distance violation: objects 0 and 1 are too close"
2024-05-28 09:05:21,873,INFO,"Person detected with confidence 0.3018496632575989"
2024-05-28 09:05:21,874,INFO,"Person detected with confidence 0.465484082698822"
2024-05-28 09:05:21,875,INFO,"Person detected with confidence 0.7635852694511414"
2024-05-28 09:05:21,876,INFO,"Person detected with confidence 0.8126786947250366"
2024-05-28 09:05:21,877,INFO,"Person detected with confidence 0.999739944934845"
2024-05-28 09:05:21,878,INFO,"Person detected with confidence 0.9989949464797974"
2024-05-28 09:05:21,879,INFO,"Person detected with confidence 0.3402016758918762"
2024-05-28 09:05:21,880,INFO,"Person detected with confidence 0.9478132128715515"
2024-05-28 09:05:21,881,INFO,"Person detected with confidence 0.9942566752433777"
2024-05-28 09:05:21,882,INFO,"Person detected with confidence 0.9903762340545654"
2024-05-28 09:05:21,883,INFO,"Person detected with confidence 0.8482726216316223"
2024-05-28 09:05:22,033,INFO,"Distance violation: objects 0 and 1 are too close"
2024-05-28 09:05:23,924,INFO,"Person detected with confidence 0.6207209825515747"
2024-05-28 09:05:23,925,INFO,"Person detected with confidence 0.3217373490333557"
2024-05-28 09:05:23,925,INFO,"Person detected with confidence 0.6033232808113098"
2024-05-28 09:05:23,925,INFO,"Person detected with confidence 0.9707103967666626"
2024-05-28 09:05:23,925,INFO,"Person detected with confidence 0.9998626708984375"
2024-05-28 09:05:23,925,INFO,"Person detected with confidence 0.9991646409034729"
2024-05-28 09:05:23,925,INFO,"Person detected with confidence 0.76894211769104"
2024-05-28 09:05:23,925,INFO,"Person detected with confidence 0.677271842956543"
2024-05-28 09:05:23,925,INFO,"Person detected with confidence 0.9532848000526428"
2024-05-28 09:05:23,926,INFO,"Person detected with confidence 0.5749455094337463"
2024-05-28 09:05:23,926,INFO,"Person detected with confidence 0.9945740103721619"
2024-05-28 09:05:23,926,INFO,"Person detected with confidence 0.9246202111244202"
2024-05-28 09:05:24,002,INFO,"Distance violation: objects 0 and 1 are too close"
2024-05-28 09:05:25,878,INFO,"Person detected with confidence 0.8661805987358093"
2024-05-28 09:05:25,879,INFO,"Person detected with confidence 0.5335818529129028"
2024-05-28 09:05:25,879,INFO,"Person detected with confidence 0.9896109700202942"
2024-05-28 09:05:25,880,INFO,"Person detected with confidence 0.9999185800552368"
2024-05-28 09:05:25,880,INFO,"Person detected with confidence 0.9982959628105164"
2024-05-28 09:05:25,880,INFO,"Person detected with confidence 0.6223640441894531"
2024-05-28 09:05:25,881,INFO,"Person detected with confidence 0.6049350500106812"
2024-05-28 09:05:25,881,INFO,"Person detected with confidence 0.9415910243988037"
2024-05-28 09:05:25,881,INFO,"Person detected with confidence 0.8372817039489746"
2024-05-28 09:05:25,881,INFO,"Person detected with confidence 0.995089054107666"
2024-05-28 09:05:25,882,INFO,"Person detected with confidence 0.8103420734405518"
2024-05-28 09:05:25,970,INFO,"Distance violation: objects 0 and 1 are too close"
2024-05-28 09:05:28,075,INFO,"Person detected with confidence 0.9383921027183533"
2024-05-28 09:05:28,076,INFO,"Person detected with confidence 0.9261986613273621"
2024-05-28 09:05:28,076,INFO,"Person detected with confidence 0.9860685467720032"
2024-05-28 09:05:28,076,INFO,"Person detected with confidence 0.9999349117279053"
2024-05-28 09:05:28,077,INFO,"Person detected with confidence 0.9986781477928162"
2024-05-28 09:05:28,077,INFO,"Person detected with confidence 0.3583347797393799"
2024-05-28 09:05:28,077,INFO,"Person detected with confidence 0.9963987469673157"
2024-05-28 09:05:28,077,INFO,"Person detected with confidence 0.3073273301124573"
2024-05-28 09:05:28,078,INFO,"Person detected with confidence 0.8018240332603455"
2024-05-28 09:05:28,078,INFO,"Person detected with confidence 0.992995023727417"
2024-05-28 09:05:28,078,INFO,"Person detected with confidence 0.8554179072380066"
2024-05-28 09:05:28,214,INFO,"Distance violation: objects 0 and 1 are too close"
2024-05-28 09:05:30,245,INFO,"Person detected with confidence 0.7338943481445312"
2024-05-28 09:05:30,245,INFO,"Person detected with confidence 0.5570151805877686"
2024-05-28 09:05:30,246,INFO,"Person detected with confidence 0.5056420564651489"
2024-05-28 09:05:30,246,INFO,"Person detected with confidence 0.9930538535118103"
2024-05-28 09:05:30,246,INFO,"Person detected with confidence 0.9999315738677979"
2024-05-28 09:05:30,246,INFO,"Person detected with confidence 0.9980570077896118"
2024-05-28 09:05:30,246,INFO,"Person detected with confidence 0.5353705883026123"
2024-05-28 09:05:30,247,INFO,"Person detected with confidence 0.6320857405662537"
2024-05-28 09:05:30,247,INFO,"Person detected with confidence 0.8454737067222595"
2024-05-28 09:05:30,247,INFO,"Person detected with confidence 0.9959790110588074"
2024-05-28 09:05:30,247,INFO,"Person detected with confidence 0.8823671340942383"
2024-05-28 09:05:30,255,INFO,"Person detected with confidence 0.30495670437812805"
2024-05-28 09:05:30,256,INFO,"Person detected with confidence 0.8714821338653564"
2024-05-28 09:05:30,257,INFO,"Person detected with confidence 0.9446184635162354"
2024-05-28 09:05:30,257,INFO,"Person detected with confidence 0.5961071848869324"
2024-05-28 09:05:32,121,INFO,"Person detected with confidence 0.4291398525238037"
2024-05-28 09:05:32,121,INFO,"Person detected with confidence 0.3507714867591858"
2024-05-28 09:05:32,121,INFO,"Person detected with confidence 0.9426145553588867"
2024-05-28 09:05:32,121,INFO,"Person detected with confidence 0.9202193021774292"
2024-05-28 09:05:32,121,INFO,"Person detected with confidence 0.9998868703842163"
2024-05-28 09:05:32,122,INFO,"Person detected with confidence 0.9989956617355347"
2024-05-28 09:05:32,122,INFO,"Person detected with confidence 0.5585630536079407"
2024-05-28 09:05:32,122,INFO,"Person detected with confidence 0.37150633335113525"
2024-05-28 09:05:32,122,INFO,"Person detected with confidence 0.9950689673423767"
2024-05-28 09:05:32,122,INFO,"Person detected with confidence 0.979975700378418"
2024-05-28 09:05:34,176,INFO,"Person detected with confidence 0.7300970554351807"
2024-05-28 09:05:34,177,INFO,"Person detected with confidence 0.9948933124542236"
2024-05-28 09:05:34,177,INFO,"Person detected with confidence 0.47548818588256836"
2024-05-28 09:05:34,177,INFO,"Person detected with confidence 0.9990368485450745"
2024-05-28 09:05:34,178,INFO,"Person detected with confidence 0.9996145963668823"
2024-05-28 09:05:34,178,INFO,"Person detected with confidence 0.9494943618774414"
2024-05-28 09:05:34,178,INFO,"Person detected with confidence 0.9913392663002014"
2024-05-28 09:05:34,178,INFO,"Person detected with confidence 0.9142735004425049"
2024-05-28 09:05:34,179,INFO,"Person detected with confidence 0.9419520497322083"
2024-05-28 09:05:36,228,INFO,"Person detected with confidence 0.9086772799491882"
2024-05-28 09:05:36,229,INFO,"Person detected with confidence 0.9872068762779236"
2024-05-28 09:05:36,229,INFO,"Person detected with confidence 0.9934161305427551"
2024-05-28 09:05:36,229,INFO,"Person detected with confidence 0.9998811483383179"
2024-05-28 09:05:36,229,INFO,"Person detected with confidence 0.9976300597190857"
2024-05-28 09:05:36,229,INFO,"Person detected with confidence 0.9662138223648071"
2024-05-28 09:05:36,230,INFO,"Person detected with confidence 0.9474062323570251"
2024-05-28 09:05:38,496,INFO,"Person detected with confidence 0.7966573238372803"
2024-05-28 09:05:38,496,INFO,"Person detected with confidence 0.7802248001098633"
2024-05-28 09:05:38,497,INFO,"Person detected with confidence 0.9893026351928711"
2024-05-28 09:05:38,497,INFO,"Person detected with confidence 0.9496040344238281"
2024-05-28 09:05:38,497,INFO,"Person detected with confidence 0.9999179840087891"
2024-05-28 09:05:38,497,INFO,"Person detected with confidence 0.999554455280304"
2024-05-28 09:05:38,497,INFO,"Person detected with confidence 0.7649707794189453"
2024-05-28 09:05:38,498,INFO,"Person detected with confidence 0.9767130613327026"
2024-05-28 09:05:38,498,INFO,"Person detected with confidence 0.9580735564231873"
2024-05-28 09:05:38,498,INFO,"Person detected with confidence 0.8401925563812256"
2024-05-28 09:05:40,649,INFO,"Person detected with confidence 0.7392964959144592"
2024-05-28 09:05:40,649,INFO,"Person detected with confidence 0.5697174668312073"
2024-05-28 09:05:40,650,INFO,"Person detected with confidence 0.9776242971420288"
2024-05-28 09:05:40,650,INFO,"Person detected with confidence 0.9733406901359558"
2024-05-28 09:05:40,650,INFO,"Person detected with confidence 0.9999270439147949"
2024-05-28 09:05:40,650,INFO,"Person detected with confidence 0.9996910691261292"
2024-05-28 09:05:40,651,INFO,"Person detected with confidence 0.751855731010437"
2024-05-28 09:05:40,651,INFO,"Person detected with confidence 0.9865010976791382"
2024-05-28 09:05:40,651,INFO,"Person detected with confidence 0.9788602590560913"
2024-05-28 09:05:40,651,INFO,"Person detected with confidence 0.7838547229766846"
